{
	"contractName":"Network passport",
	"contractId":null,
	"ownerEmail":null,
	"dataLayer": {
		"network": [],
		"login": [],
		"email": [],
		"parents": [],
		"childrens": [],
		"attachmentShow":["initNetwork"]
	},
	"attachments": [
		{
			"name": "initNetwork",
			"schema":{
				"network":{
					"type": "string",
					"title": "Network name"
				},
				"email":{
					"type": "string",
					"title": "Email"
				},
				"login":{
					"type": "string",
					"title": "Login"
				}
			},
			"action":{
				"label": "Activate network contract",
				"calls":[ 
					{
						"mainMethod":"setDataLayer",
						"attrs":{
							"key": "attachmentShow", 
							"value":"invitation"
						}
					},
					{
						"mainMethod":"sign",
						"attrs":{},
					}
				]
			}
		},
		{
			"name": "invitation",
			"schema": {
				"network":{
					"type": "string",
					"title": "Network",
					"readOnly": true
				},
				"email":{
					"type": "string",
					"title": "Email"
				}
			}
		},
		{
			"name": "acceptation",
			"schema": {
				"network":{
					"type": "string",
					"title": "Network",
					"readOnly": true
				},
				"email":{
					"type": "string",
					"title": "Email",
					"readOnly": true
				}
			}
		}
	], 
	"signs": []
}